{"panel_dark": {"padding": [5, 5, 5, 5], "x_text_margin": 4, "image": "//skins/default/panel_dark.png"}, "panel_down": {"padding": [5, 5, 5, 5], "x_text_margin": 4, "image": "//skins/default/panel_down.png"}, "bar": {"padding": [2, 2, 2, 2], "image": "//skins/default/bar.png"}, "check_u_hover": {"padding": [0, 0, 0, 0], "image": "//skins/default/check_u_hover.png"}, "panel_round": {"padding": [17, 13, 17, 13], "x_text_margin": 15, "image": "//skins/default/round_panel.png"}, "panel": {"padding": [5, 5, 5, 5], "x_text_margin": 4, "image": "//skins/default/panel.png"}, "PGUI_SKIN": 0, "button_hover": {"padding": [6, 6, 6, 6], "image": "//skins/default/button_hover.png"}, "check_click": {"padding": [0, 0, 0, 0], "image": "//skins/default/check_click.png"}, "check_normal": {"padding": [0, 0, 0, 0], "image": "//skins/default/check_normal.png"}, "radio_u_normal": {"padding": [0, 0, 0, 0], "image": "//skins/default/radio_u_normal.png"}, "check_hover": {"padding": [0, 0, 0, 0], "image": "//skins/default/check_hover.png"}, "check_u_normal": {"padding": [0, 0, 0, 0], "image": "//skins/default/check_u_normal.png"}, "track_normal": {"padding": [0, 0, 0, 0], "image": "//skins/default/track_normal.png"}, "radio_u_click": {"padding": [0, 0, 0, 0], "image": "//skins/default/radio_u_click.png"}, "button_click": {"padding": [6, 6, 6, 6], "image": "//skins/default/button_click.png"}, "button_normal": {"padding": [6, 6, 6, 6], "image": "//skins/default/button_normal.png"}, "radio_hover": {"padding": [0, 0, 0, 0], "image": "//skins/default/radio_hover.png"}, "radio_u_hover": {"padding": [0, 0, 0, 0], "image": "//skins/default/radio_u_hover.png"}, "track_hover": {"padding": [0, 0, 0, 0], "image": "//skins/default/track_hover.png"}, "radio_click": {"padding": [0, 0, 0, 0], "image": "//skins/default/radio_click.png"}, "track_click": {"padding": [0, 0, 0, 0], "image": "//skins/default/track_click.png"}, "select": {"padding": [2, 2, 2, 2], "image": "//skins/default/selected.png"}, "check_u_click": {"padding": [0, 0, 0, 0], "image": "//skins/default/check_u_click.png"}, "radio_normal": {"padding": [0, 0, 0, 0], "image": "//skins/default/radio_normal.png"}}